﻿<Deployment xmlns="http://schemas.microsoft.com/client/2007/deployment"
            xmlns:x="http://schemas.microsoft.com/winfx/2006/xaml"
            xmlns:sdp="http://schemas.seesmic.com/sdp/2010/deployment">

  <sdp:Plugin>
    <sdp:Id>4739ab03-2eea-4fcb-8ec0-0a8931e8e75b</sdp:Id>
    <sdp:Name>TinyURL URL Shortener</sdp:Name>
    <sdp:Description>URL Shortener Service by TinyURL. Plugin provided by Joseph Biggert - http://www.cwithb.com</sdp:Description>
    <sdp:Version>1.0.0</sdp:Version>
    <sdp:Vendor>Joseph Biggert</sdp:Vendor>
    <sdp:Copyright>Ms-PL</sdp:Copyright>
    <sdp:HomepageUrl>http://www.cwithb.com</sdp:HomepageUrl>
    <sdp:PlatformVersion>0.8</sdp:PlatformVersion>
    <sdp:LogoUri>Assets/Images/TinyURL-Logo.png</sdp:LogoUri>
  </sdp:Plugin>

  <Deployment.Parts>
  </Deployment.Parts>

</Deployment>